source_table,source_columns,target_table,target_columns,constraint_name,on_delete
activity_attachment_rel,activity_id,mail_activity,id,activity_attachment_rel_activity_id_fkey,CASCADE
activity_attachment_rel,attachment_id,ir_attachment,id,activity_attachment_rel_attachment_id_fkey,CASCADE
auth_passkey_key,create_uid,res_users,id,auth_passkey_key_create_uid_fkey,SET NULL
auth_passkey_key,write_uid,res_users,id,auth_passkey_key_write_uid_fkey,SET NULL
auth_passkey_key_create,create_uid,res_users,id,auth_passkey_key_create_create_uid_fkey,SET NULL
auth_passkey_key_create,write_uid,res_users,id,auth_passkey_key_create_write_uid_fkey,SET NULL
auth_totp_device,user_id,res_users,id,auth_totp_device_user_id_fkey,CASCADE
auth_totp_rate_limit_log,create_uid,res_users,id,auth_totp_rate_limit_log_create_uid_fkey,SET NULL
auth_totp_rate_limit_log,user_id,res_users,id,auth_totp_rate_limit_log_user_id_fkey,CASCADE
auth_totp_rate_limit_log,write_uid,res_users,id,auth_totp_rate_limit_log_write_uid_fkey,SET NULL
auth_totp_wizard,create_uid,res_users,id,auth_totp_wizard_create_uid_fkey,SET NULL
auth_totp_wizard,user_id,res_users,id,auth_totp_wizard_user_id_fkey,CASCADE
auth_totp_wizard,write_uid,res_users,id,auth_totp_wizard_write_uid_fkey,SET NULL
base_document_layout,company_id,res_company,id,base_document_layout_company_id_fkey,CASCADE
base_document_layout,create_uid,res_users,id,base_document_layout_create_uid_fkey,SET NULL
base_document_layout,report_layout_id,report_layout,id,base_document_layout_report_layout_id_fkey,SET NULL
base_document_layout,write_uid,res_users,id,base_document_layout_write_uid_fkey,SET NULL
base_enable_profiling_wizard,create_uid,res_users,id,base_enable_profiling_wizard_create_uid_fkey,SET NULL
base_enable_profiling_wizard,write_uid,res_users,id,base_enable_profiling_wizard_write_uid_fkey,SET NULL
base_import_import,create_uid,res_users,id,base_import_import_create_uid_fkey,SET NULL
base_import_import,write_uid,res_users,id,base_import_import_write_uid_fkey,SET NULL
base_import_mapping,create_uid,res_users,id,base_import_mapping_create_uid_fkey,SET NULL
base_import_mapping,write_uid,res_users,id,base_import_mapping_write_uid_fkey,SET NULL
base_import_module,create_uid,res_users,id,base_import_module_create_uid_fkey,SET NULL
base_import_module,write_uid,res_users,id,base_import_module_write_uid_fkey,SET NULL
base_language_export,create_uid,res_users,id,base_language_export_create_uid_fkey,SET NULL
base_language_export,model_id,ir_model,id,base_language_export_model_id_fkey,SET NULL
base_language_export,write_uid,res_users,id,base_language_export_write_uid_fkey,SET NULL
base_language_import,create_uid,res_users,id,base_language_import_create_uid_fkey,SET NULL
base_language_import,write_uid,res_users,id,base_language_import_write_uid_fkey,SET NULL
base_language_install,create_uid,res_users,id,base_language_install_create_uid_fkey,SET NULL
base_language_install,write_uid,res_users,id,base_language_install_write_uid_fkey,SET NULL
base_module_install_request,create_uid,res_users,id,base_module_install_request_create_uid_fkey,SET NULL
base_module_install_request,module_id,ir_module_module,id,base_module_install_request_module_id_fkey,CASCADE
base_module_install_request,user_id,res_users,id,base_module_install_request_user_id_fkey,CASCADE
base_module_install_request,write_uid,res_users,id,base_module_install_request_write_uid_fkey,SET NULL
base_module_install_review,create_uid,res_users,id,base_module_install_review_create_uid_fkey,SET NULL
base_module_install_review,module_id,ir_module_module,id,base_module_install_review_module_id_fkey,CASCADE
base_module_install_review,write_uid,res_users,id,base_module_install_review_write_uid_fkey,SET NULL
base_module_uninstall,create_uid,res_users,id,base_module_uninstall_create_uid_fkey,SET NULL
base_module_uninstall,write_uid,res_users,id,base_module_uninstall_write_uid_fkey,SET NULL
base_module_uninstall_ir_module_module_rel,base_module_uninstall_id,base_module_uninstall,id,base_module_uninstall_ir_module_m_base_module_uninstall_id_fkey,CASCADE
base_module_uninstall_ir_module_module_rel,ir_module_module_id,ir_module_module,id,base_module_uninstall_ir_module_module_ir_module_module_id_fkey,CASCADE
base_module_update,create_uid,res_users,id,base_module_update_create_uid_fkey,SET NULL
base_module_update,write_uid,res_users,id,base_module_update_write_uid_fkey,SET NULL
base_module_upgrade,create_uid,res_users,id,base_module_upgrade_create_uid_fkey,SET NULL
base_module_upgrade,write_uid,res_users,id,base_module_upgrade_write_uid_fkey,SET NULL
base_partner_merge_automatic_wizard,create_uid,res_users,id,base_partner_merge_automatic_wizard_create_uid_fkey,SET NULL
base_partner_merge_automatic_wizard,current_line_id,base_partner_merge_line,id,base_partner_merge_automatic_wizard_current_line_id_fkey,SET NULL
base_partner_merge_automatic_wizard,dst_partner_id,res_partner,id,base_partner_merge_automatic_wizard_dst_partner_id_fkey,SET NULL
base_partner_merge_automatic_wizard,write_uid,res_users,id,base_partner_merge_automatic_wizard_write_uid_fkey,SET NULL
base_partner_merge_automatic_wizard_res_partner_rel,base_partner_merge_automatic_wizard_id,base_partner_merge_automatic_wizard,id,base_partner_merge_automatic__base_partner_merge_automatic_fkey,CASCADE
base_partner_merge_automatic_wizard_res_partner_rel,res_partner_id,res_partner,id,base_partner_merge_automatic_wizard_res_par_res_partner_id_fkey,CASCADE
base_partner_merge_line,create_uid,res_users,id,base_partner_merge_line_create_uid_fkey,SET NULL
base_partner_merge_line,wizard_id,base_partner_merge_automatic_wizard,id,base_partner_merge_line_wizard_id_fkey,SET NULL
base_partner_merge_line,write_uid,res_users,id,base_partner_merge_line_write_uid_fkey,SET NULL
bus_bus,create_uid,res_users,id,bus_bus_create_uid_fkey,SET NULL
bus_bus,write_uid,res_users,id,bus_bus_write_uid_fkey,SET NULL
calendar_alarm,create_uid,res_users,id,calendar_alarm_create_uid_fkey,SET NULL
calendar_alarm,mail_template_id,mail_template,id,calendar_alarm_mail_template_id_fkey,SET NULL
calendar_alarm,sms_template_id,sms_template,id,calendar_alarm_sms_template_id_fkey,SET NULL
calendar_alarm,write_uid,res_users,id,calendar_alarm_write_uid_fkey,SET NULL
calendar_alarm_calendar_event_rel,calendar_alarm_id,calendar_alarm,id,calendar_alarm_calendar_event_rel_calendar_alarm_id_fkey,RESTRICT
calendar_alarm_calendar_event_rel,calendar_event_id,calendar_event,id,calendar_alarm_calendar_event_rel_calendar_event_id_fkey,CASCADE
calendar_attendee,create_uid,res_users,id,calendar_attendee_create_uid_fkey,SET NULL
calendar_attendee,event_id,calendar_event,id,calendar_attendee_event_id_fkey,CASCADE
calendar_attendee,partner_id,res_partner,id,calendar_attendee_partner_id_fkey,CASCADE
calendar_attendee,write_uid,res_users,id,calendar_attendee_write_uid_fkey,SET NULL
calendar_event,create_uid,res_users,id,calendar_event_create_uid_fkey,SET NULL
calendar_event,opportunity_id,crm_lead,id,calendar_event_opportunity_id_fkey,SET NULL
calendar_event,recurrence_id,calendar_recurrence,id,calendar_event_recurrence_id_fkey,SET NULL
calendar_event,res_model_id,ir_model,id,calendar_event_res_model_id_fkey,CASCADE
calendar_event,user_id,res_users,id,calendar_event_user_id_fkey,SET NULL
calendar_event,videocall_channel_id,discuss_channel,id,calendar_event_videocall_channel_id_fkey,SET NULL
calendar_event,write_uid,res_users,id,calendar_event_write_uid_fkey,SET NULL
calendar_event_res_partner_rel,calendar_event_id,calendar_event,id,calendar_event_res_partner_rel_calendar_event_id_fkey,CASCADE
calendar_event_res_partner_rel,res_partner_id,res_partner,id,calendar_event_res_partner_rel_res_partner_id_fkey,CASCADE
calendar_event_type,create_uid,res_users,id,calendar_event_type_create_uid_fkey,SET NULL
calendar_event_type,write_uid,res_users,id,calendar_event_type_write_uid_fkey,SET NULL
calendar_filters,create_uid,res_users,id,calendar_filters_create_uid_fkey,SET NULL
calendar_filters,partner_id,res_partner,id,calendar_filters_partner_id_fkey,RESTRICT
calendar_filters,user_id,res_users,id,calendar_filters_user_id_fkey,CASCADE
calendar_filters,write_uid,res_users,id,calendar_filters_write_uid_fkey,SET NULL
calendar_popover_delete_wizard,calendar_event_id,calendar_event,id,calendar_popover_delete_wizard_calendar_event_id_fkey,SET NULL
calendar_popover_delete_wizard,create_uid,res_users,id,calendar_popover_delete_wizard_create_uid_fkey,SET NULL
calendar_popover_delete_wizard,template_id,mail_template,id,calendar_popover_delete_wizard_template_id_fkey,SET NULL
calendar_popover_delete_wizard,write_uid,res_users,id,calendar_popover_delete_wizard_write_uid_fkey,SET NULL
calendar_provider_config,create_uid,res_users,id,calendar_provider_config_create_uid_fkey,SET NULL
calendar_provider_config,write_uid,res_users,id,calendar_provider_config_write_uid_fkey,SET NULL
calendar_recurrence,base_event_id,calendar_event,id,calendar_recurrence_base_event_id_fkey,SET NULL
calendar_recurrence,create_uid,res_users,id,calendar_recurrence_create_uid_fkey,SET NULL
calendar_recurrence,trigger_id,ir_cron_trigger,id,calendar_recurrence_trigger_id_fkey,SET NULL
calendar_recurrence,write_uid,res_users,id,calendar_recurrence_write_uid_fkey,SET NULL
change_password_own,create_uid,res_users,id,change_password_own_create_uid_fkey,SET NULL
change_password_own,write_uid,res_users,id,change_password_own_write_uid_fkey,SET NULL
change_password_user,create_uid,res_users,id,change_password_user_create_uid_fkey,SET NULL
change_password_user,user_id,res_users,id,change_password_user_user_id_fkey,CASCADE
change_password_user,wizard_id,change_password_wizard,id,change_password_user_wizard_id_fkey,CASCADE
change_password_user,write_uid,res_users,id,change_password_user_write_uid_fkey,SET NULL
change_password_wizard,create_uid,res_users,id,change_password_wizard_create_uid_fkey,SET NULL
change_password_wizard,write_uid,res_users,id,change_password_wizard_write_uid_fkey,SET NULL
crm_convert_lead_mass_lead_rel,crm_lead2opportunity_partner_mass_id,crm_lead2opportunity_partner_mass,id,crm_convert_lead_mass_lead_re_crm_lead2opportunity_partner_fkey,CASCADE
crm_convert_lead_mass_lead_rel,crm_lead_id,crm_lead,id,crm_convert_lead_mass_lead_rel_crm_lead_id_fkey,CASCADE
crm_iap_lead_helpers,create_uid,res_users,id,crm_iap_lead_helpers_create_uid_fkey,SET NULL
crm_iap_lead_helpers,write_uid,res_users,id,crm_iap_lead_helpers_write_uid_fkey,SET NULL
crm_iap_lead_industry,create_uid,res_users,id,crm_iap_lead_industry_create_uid_fkey,SET NULL
crm_iap_lead_industry,write_uid,res_users,id,crm_iap_lead_industry_write_uid_fkey,SET NULL
crm_iap_lead_industry_crm_iap_lead_mining_request_rel,crm_iap_lead_mining_request_id,crm_iap_lead_mining_request,id,crm_iap_lead_industry_crm_iap_crm_iap_lead_mining_request__fkey,CASCADE
crm_iap_lead_industry_crm_iap_lead_mining_request_rel,crm_iap_lead_industry_id,crm_iap_lead_industry,id,crm_iap_lead_industry_crm_iap_lea_crm_iap_lead_industry_id_fkey,CASCADE
crm_iap_lead_mining_request,create_uid,res_users,id,crm_iap_lead_mining_request_create_uid_fkey,SET NULL
crm_iap_lead_mining_request,preferred_role_id,crm_iap_lead_role,id,crm_iap_lead_mining_request_preferred_role_id_fkey,SET NULL
crm_iap_lead_mining_request,seniority_id,crm_iap_lead_seniority,id,crm_iap_lead_mining_request_seniority_id_fkey,SET NULL
crm_iap_lead_mining_request,team_id,crm_team,id,crm_iap_lead_mining_request_team_id_fkey,SET NULL
crm_iap_lead_mining_request,user_id,res_users,id,crm_iap_lead_mining_request_user_id_fkey,SET NULL
crm_iap_lead_mining_request,write_uid,res_users,id,crm_iap_lead_mining_request_write_uid_fkey,SET NULL
crm_iap_lead_mining_request_crm_iap_lead_role_rel,crm_iap_lead_mining_request_id,crm_iap_lead_mining_request,id,crm_iap_lead_mining_request__crm_iap_lead_mining_request__fkey2,CASCADE
crm_iap_lead_mining_request_crm_iap_lead_role_rel,crm_iap_lead_role_id,crm_iap_lead_role,id,crm_iap_lead_mining_request_crm_iap_l_crm_iap_lead_role_id_fkey,CASCADE
crm_iap_lead_mining_request_crm_tag_rel,crm_iap_lead_mining_request_id,crm_iap_lead_mining_request,id,crm_iap_lead_mining_request_c_crm_iap_lead_mining_request__fkey,CASCADE
crm_iap_lead_mining_request_crm_tag_rel,crm_tag_id,crm_tag,id,crm_iap_lead_mining_request_crm_tag_rel_crm_tag_id_fkey,CASCADE
crm_iap_lead_mining_request_res_country_rel,crm_iap_lead_mining_request_id,crm_iap_lead_mining_request,id,crm_iap_lead_mining_request_r_crm_iap_lead_mining_request__fkey,CASCADE
crm_iap_lead_mining_request_res_country_rel,res_country_id,res_country,id,crm_iap_lead_mining_request_res_country_rel_res_country_id_fkey,CASCADE
crm_iap_lead_mining_request_res_country_state_rel,crm_iap_lead_mining_request_id,crm_iap_lead_mining_request,id,crm_iap_lead_mining_request__crm_iap_lead_mining_request__fkey1,CASCADE
crm_iap_lead_mining_request_res_country_state_rel,res_country_state_id,res_country_state,id,crm_iap_lead_mining_request_res_count_res_country_state_id_fkey,CASCADE
crm_iap_lead_role,create_uid,res_users,id,crm_iap_lead_role_create_uid_fkey,SET NULL
crm_iap_lead_role,write_uid,res_users,id,crm_iap_lead_role_write_uid_fkey,SET NULL
crm_iap_lead_seniority,create_uid,res_users,id,crm_iap_lead_seniority_create_uid_fkey,SET NULL
crm_iap_lead_seniority,write_uid,res_users,id,crm_iap_lead_seniority_write_uid_fkey,SET NULL
crm_lead,campaign_id,utm_campaign,id,crm_lead_campaign_id_fkey,SET NULL
crm_lead,company_id,res_company,id,crm_lead_company_id_fkey,SET NULL
crm_lead,country_id,res_country,id,crm_lead_country_id_fkey,SET NULL
crm_lead,create_uid,res_users,id,crm_lead_create_uid_fkey,SET NULL
crm_lead,lang_id,res_lang,id,crm_lead_lang_id_fkey,SET NULL
crm_lead,lead_mining_request_id,crm_iap_lead_mining_request,id,crm_lead_lead_mining_request_id_fkey,SET NULL
crm_lead,lost_reason_id,crm_lost_reason,id,crm_lead_lost_reason_id_fkey,RESTRICT
crm_lead,medium_id,utm_medium,id,crm_lead_medium_id_fkey,SET NULL
crm_lead,partner_id,res_partner,id,crm_lead_partner_id_fkey,SET NULL
crm_lead,recurring_plan,crm_recurring_plan,id,crm_lead_recurring_plan_fkey,SET NULL
crm_lead,source_id,utm_source,id,crm_lead_source_id_fkey,SET NULL
crm_lead,stage_id,crm_stage,id,crm_lead_stage_id_fkey,RESTRICT
crm_lead,state_id,res_country_state,id,crm_lead_state_id_fkey,SET NULL
crm_lead,team_id,crm_team,id,crm_lead_team_id_fkey,SET NULL
crm_lead,user_id,res_users,id,crm_lead_user_id_fkey,SET NULL
crm_lead,write_uid,res_users,id,crm_lead_write_uid_fkey,SET NULL
crm_lead2opportunity_partner,commercial_partner_id,res_partner,id,crm_lead2opportunity_partner_commercial_partner_id_fkey,SET NULL
crm_lead2opportunity_partner,create_uid,res_users,id,crm_lead2opportunity_partner_create_uid_fkey,SET NULL
crm_lead2opportunity_partner,lead_id,crm_lead,id,crm_lead2opportunity_partner_lead_id_fkey,CASCADE
crm_lead2opportunity_partner,partner_id,res_partner,id,crm_lead2opportunity_partner_partner_id_fkey,SET NULL
crm_lead2opportunity_partner,team_id,crm_team,id,crm_lead2opportunity_partner_team_id_fkey,SET NULL
crm_lead2opportunity_partner,user_id,res_users,id,crm_lead2opportunity_partner_user_id_fkey,SET NULL
crm_lead2opportunity_partner,write_uid,res_users,id,crm_lead2opportunity_partner_write_uid_fkey,SET NULL
crm_lead2opportunity_partner_mass,commercial_partner_id,res_partner,id,crm_lead2opportunity_partner_mass_commercial_partner_id_fkey,SET NULL
crm_lead2opportunity_partner_mass,create_uid,res_users,id,crm_lead2opportunity_partner_mass_create_uid_fkey,SET NULL
crm_lead2opportunity_partner_mass,lead_id,crm_lead,id,crm_lead2opportunity_partner_mass_lead_id_fkey,SET NULL
crm_lead2opportunity_partner_mass,partner_id,res_partner,id,crm_lead2opportunity_partner_mass_partner_id_fkey,SET NULL
crm_lead2opportunity_partner_mass,team_id,crm_team,id,crm_lead2opportunity_partner_mass_team_id_fkey,SET NULL
crm_lead2opportunity_partner_mass,user_id,res_users,id,crm_lead2opportunity_partner_mass_user_id_fkey,SET NULL
crm_lead2opportunity_partner_mass,write_uid,res_users,id,crm_lead2opportunity_partner_mass_write_uid_fkey,SET NULL
crm_lead2opportunity_partner_mass_res_users_rel,crm_lead2opportunity_partner_mass_id,crm_lead2opportunity_partner_mass,id,crm_lead2opportunity_partner__crm_lead2opportunity_partner_fkey,CASCADE
crm_lead2opportunity_partner_mass_res_users_rel,res_users_id,res_users,id,crm_lead2opportunity_partner_mass_res_users_r_res_users_id_fkey,CASCADE
crm_lead_crm_lead2opportunity_partner_mass_rel,crm_lead2opportunity_partner_mass_id,crm_lead2opportunity_partner_mass,id,crm_lead_crm_lead2opportunit_crm_lead2opportunity_partner_fkey1,CASCADE
crm_lead_crm_lead2opportunity_partner_mass_rel,crm_lead_id,crm_lead,id,crm_lead_crm_lead2opportunity_partner_mass_rel_crm_lead_id_fkey,CASCADE
crm_lead_crm_lead2opportunity_partner_rel,crm_lead2opportunity_partner_id,crm_lead2opportunity_partner,id,crm_lead_crm_lead2opportunity_crm_lead2opportunity_partner_fkey,CASCADE
crm_lead_crm_lead2opportunity_partner_rel,crm_lead_id,crm_lead,id,crm_lead_crm_lead2opportunity_partner_rel_crm_lead_id_fkey,CASCADE
crm_lead_crm_lead_lost_rel,crm_lead_id,crm_lead,id,crm_lead_crm_lead_lost_rel_crm_lead_id_fkey,CASCADE
crm_lead_crm_lead_lost_rel,crm_lead_lost_id,crm_lead_lost,id,crm_lead_crm_lead_lost_rel_crm_lead_lost_id_fkey,CASCADE
crm_lead_lost,create_uid,res_users,id,crm_lead_lost_create_uid_fkey,SET NULL
crm_lead_lost,lost_reason_id,crm_lost_reason,id,crm_lead_lost_lost_reason_id_fkey,SET NULL
crm_lead_lost,write_uid,res_users,id,crm_lead_lost_write_uid_fkey,SET NULL
crm_lead_pls_update,create_uid,res_users,id,crm_lead_pls_update_create_uid_fkey,SET NULL
crm_lead_pls_update,write_uid,res_users,id,crm_lead_pls_update_write_uid_fkey,SET NULL
crm_lead_pls_update_crm_lead_scoring_frequency_field_rel,crm_lead_scoring_frequency_field_id,crm_lead_scoring_frequency_field,id,crm_lead_pls_update_crm_lead__crm_lead_scoring_frequency_f_fkey,CASCADE
crm_lead_pls_update_crm_lead_scoring_frequency_field_rel,crm_lead_pls_update_id,crm_lead_pls_update,id,crm_lead_pls_update_crm_lead_scorin_crm_lead_pls_update_id_fkey,CASCADE
crm_lead_scoring_frequency,create_uid,res_users,id,crm_lead_scoring_frequency_create_uid_fkey,SET NULL
crm_lead_scoring_frequency,team_id,crm_team,id,crm_lead_scoring_frequency_team_id_fkey,CASCADE
crm_lead_scoring_frequency,write_uid,res_users,id,crm_lead_scoring_frequency_write_uid_fkey,SET NULL
crm_lead_scoring_frequency_field,create_uid,res_users,id,crm_lead_scoring_frequency_field_create_uid_fkey,SET NULL
crm_lead_scoring_frequency_field,field_id,ir_model_fields,id,crm_lead_scoring_frequency_field_field_id_fkey,CASCADE
crm_lead_scoring_frequency_field,write_uid,res_users,id,crm_lead_scoring_frequency_field_write_uid_fkey,SET NULL
crm_lost_reason,create_uid,res_users,id,crm_lost_reason_create_uid_fkey,SET NULL
crm_lost_reason,write_uid,res_users,id,crm_lost_reason_write_uid_fkey,SET NULL
crm_merge_opportunity,create_uid,res_users,id,crm_merge_opportunity_create_uid_fkey,SET NULL
crm_merge_opportunity,team_id,crm_team,id,crm_merge_opportunity_team_id_fkey,SET NULL
crm_merge_opportunity,user_id,res_users,id,crm_merge_opportunity_user_id_fkey,SET NULL
crm_merge_opportunity,write_uid,res_users,id,crm_merge_opportunity_write_uid_fkey,SET NULL
crm_recurring_plan,create_uid,res_users,id,crm_recurring_plan_create_uid_fkey,SET NULL
crm_recurring_plan,write_uid,res_users,id,crm_recurring_plan_write_uid_fkey,SET NULL
crm_stage,create_uid,res_users,id,crm_stage_create_uid_fkey,SET NULL
crm_stage,write_uid,res_users,id,crm_stage_write_uid_fkey,SET NULL
crm_stage_crm_team_rel,crm_stage_id,crm_stage,id,crm_stage_crm_team_rel_crm_stage_id_fkey,CASCADE
crm_stage_crm_team_rel,crm_team_id,crm_team,id,crm_stage_crm_team_rel_crm_team_id_fkey,RESTRICT
crm_tag,create_uid,res_users,id,crm_tag_create_uid_fkey,SET NULL
crm_tag,write_uid,res_users,id,crm_tag_write_uid_fkey,SET NULL
crm_tag_rel,lead_id,crm_lead,id,crm_tag_rel_lead_id_fkey,CASCADE
crm_tag_rel,tag_id,crm_tag,id,crm_tag_rel_tag_id_fkey,CASCADE
crm_team,alias_id,mail_alias,id,crm_team_alias_id_fkey,RESTRICT
crm_team,company_id,res_company,id,crm_team_company_id_fkey,SET NULL
crm_team,create_uid,res_users,id,crm_team_create_uid_fkey,SET NULL
crm_team,user_id,res_users,id,crm_team_user_id_fkey,SET NULL
crm_team,write_uid,res_users,id,crm_team_write_uid_fkey,SET NULL
crm_team_member,create_uid,res_users,id,crm_team_member_create_uid_fkey,SET NULL
crm_team_member,crm_team_id,crm_team,id,crm_team_member_crm_team_id_fkey,CASCADE
crm_team_member,user_id,res_users,id,crm_team_member_user_id_fkey,CASCADE
crm_team_member,write_uid,res_users,id,crm_team_member_write_uid_fkey,SET NULL
decimal_precision,create_uid,res_users,id,decimal_precision_create_uid_fkey,SET NULL
decimal_precision,write_uid,res_users,id,decimal_precision_write_uid_fkey,SET NULL
digest_digest,company_id,res_company,id,digest_digest_company_id_fkey,SET NULL
digest_digest,create_uid,res_users,id,digest_digest_create_uid_fkey,SET NULL
digest_digest,write_uid,res_users,id,digest_digest_write_uid_fkey,SET NULL
digest_digest_res_users_rel,digest_digest_id,digest_digest,id,digest_digest_res_users_rel_digest_digest_id_fkey,CASCADE
digest_digest_res_users_rel,res_users_id,res_users,id,digest_digest_res_users_rel_res_users_id_fkey,CASCADE
digest_tip,create_uid,res_users,id,digest_tip_create_uid_fkey,SET NULL
digest_tip,group_id,res_groups,id,digest_tip_group_id_fkey,SET NULL
digest_tip,write_uid,res_users,id,digest_tip_write_uid_fkey,SET NULL
digest_tip_res_users_rel,digest_tip_id,digest_tip,id,digest_tip_res_users_rel_digest_tip_id_fkey,CASCADE
digest_tip_res_users_rel,res_users_id,res_users,id,digest_tip_res_users_rel_res_users_id_fkey,CASCADE
discuss_call_history,channel_id,discuss_channel,id,discuss_call_history_channel_id_fkey,CASCADE
discuss_call_history,create_uid,res_users,id,discuss_call_history_create_uid_fkey,SET NULL
discuss_call_history,start_call_message_id,mail_message,id,discuss_call_history_start_call_message_id_fkey,SET NULL
discuss_call_history,write_uid,res_users,id,discuss_call_history_write_uid_fkey,SET NULL
discuss_channel,create_uid,res_users,id,discuss_channel_create_uid_fkey,SET NULL
discuss_channel,from_message_id,mail_message,id,discuss_channel_from_message_id_fkey,SET NULL
discuss_channel,group_public_id,res_groups,id,discuss_channel_group_public_id_fkey,SET NULL
discuss_channel,parent_channel_id,discuss_channel,id,discuss_channel_parent_channel_id_fkey,CASCADE
discuss_channel,write_uid,res_users,id,discuss_channel_write_uid_fkey,SET NULL
discuss_channel_member,channel_id,discuss_channel,id,discuss_channel_member_channel_id_fkey,CASCADE
discuss_channel_member,create_uid,res_users,id,discuss_channel_member_create_uid_fkey,SET NULL
discuss_channel_member,fetched_message_id,mail_message,id,discuss_channel_member_fetched_message_id_fkey,SET NULL
discuss_channel_member,guest_id,mail_guest,id,discuss_channel_member_guest_id_fkey,CASCADE
discuss_channel_member,partner_id,res_partner,id,discuss_channel_member_partner_id_fkey,CASCADE
discuss_channel_member,rtc_inviting_session_id,discuss_channel_rtc_session,id,discuss_channel_member_rtc_inviting_session_id_fkey,SET NULL
discuss_channel_member,seen_message_id,mail_message,id,discuss_channel_member_seen_message_id_fkey,SET NULL
discuss_channel_member,write_uid,res_users,id,discuss_channel_member_write_uid_fkey,SET NULL
discuss_channel_res_groups_rel,discuss_channel_id,discuss_channel,id,discuss_channel_res_groups_rel_discuss_channel_id_fkey,CASCADE
discuss_channel_res_groups_rel,res_groups_id,res_groups,id,discuss_channel_res_groups_rel_res_groups_id_fkey,CASCADE
discuss_channel_rtc_session,channel_id,discuss_channel,id,discuss_channel_rtc_session_channel_id_fkey,SET NULL
discuss_channel_rtc_session,channel_member_id,discuss_channel_member,id,discuss_channel_rtc_session_channel_member_id_fkey,CASCADE
discuss_channel_rtc_session,create_uid,res_users,id,discuss_channel_rtc_session_create_uid_fkey,SET NULL
discuss_channel_rtc_session,partner_id,res_partner,id,discuss_channel_rtc_session_partner_id_fkey,SET NULL
discuss_channel_rtc_session,write_uid,res_users,id,discuss_channel_rtc_session_write_uid_fkey,SET NULL
discuss_gif_favorite,create_uid,res_users,id,discuss_gif_favorite_create_uid_fkey,SET NULL
discuss_gif_favorite,write_uid,res_users,id,discuss_gif_favorite_write_uid_fkey,SET NULL
discuss_voice_metadata,attachment_id,ir_attachment,id,discuss_voice_metadata_attachment_id_fkey,CASCADE
discuss_voice_metadata,create_uid,res_users,id,discuss_voice_metadata_create_uid_fkey,SET NULL
discuss_voice_metadata,write_uid,res_users,id,discuss_voice_metadata_write_uid_fkey,SET NULL
email_template_attachment_rel,attachment_id,ir_attachment,id,email_template_attachment_rel_attachment_id_fkey,CASCADE
email_template_attachment_rel,email_template_id,mail_template,id,email_template_attachment_rel_email_template_id_fkey,CASCADE
fetchmail_server,create_uid,res_users,id,fetchmail_server_create_uid_fkey,SET NULL
fetchmail_server,object_id,ir_model,id,fetchmail_server_object_id_fkey,SET NULL
fetchmail_server,write_uid,res_users,id,fetchmail_server_write_uid_fkey,SET NULL
html_editor_converter_test,create_uid,res_users,id,html_editor_converter_test_create_uid_fkey,SET NULL
html_editor_converter_test,many2one,html_editor_converter_test_sub,id,html_editor_converter_test_many2one_fkey,SET NULL
html_editor_converter_test,write_uid,res_users,id,html_editor_converter_test_write_uid_fkey,SET NULL
html_editor_converter_test_sub,create_uid,res_users,id,html_editor_converter_test_sub_create_uid_fkey,SET NULL
html_editor_converter_test_sub,write_uid,res_users,id,html_editor_converter_test_sub_write_uid_fkey,SET NULL
iap_account,create_uid,res_users,id,iap_account_create_uid_fkey,SET NULL
iap_account,service_id,iap_service,id,iap_account_service_id_fkey,RESTRICT
iap_account,write_uid,res_users,id,iap_account_write_uid_fkey,SET NULL
iap_account_res_company_rel,iap_account_id,iap_account,id,iap_account_res_company_rel_iap_account_id_fkey,CASCADE
iap_account_res_company_rel,res_company_id,res_company,id,iap_account_res_company_rel_res_company_id_fkey,CASCADE
iap_account_res_users_rel,iap_account_id,iap_account,id,iap_account_res_users_rel_iap_account_id_fkey,CASCADE
iap_account_res_users_rel,res_users_id,res_users,id,iap_account_res_users_rel_res_users_id_fkey,CASCADE
iap_service,create_uid,res_users,id,iap_service_create_uid_fkey,SET NULL
iap_service,write_uid,res_users,id,iap_service_write_uid_fkey,SET NULL
ir_act_client,binding_model_id,ir_model,id,ir_act_client_binding_model_id_fkey,CASCADE
ir_act_client,create_uid,res_users,id,ir_act_client_create_uid_fkey,SET NULL
ir_act_client,write_uid,res_users,id,ir_act_client_write_uid_fkey,SET NULL
ir_act_report_xml,binding_model_id,ir_model,id,ir_act_report_xml_binding_model_id_fkey,CASCADE
ir_act_report_xml,create_uid,res_users,id,ir_act_report_xml_create_uid_fkey,SET NULL
ir_act_report_xml,paperformat_id,report_paperformat,id,ir_act_report_xml_paperformat_id_fkey,SET NULL
ir_act_report_xml,write_uid,res_users,id,ir_act_report_xml_write_uid_fkey,SET NULL
ir_act_server,activity_type_id,mail_activity_type,id,ir_act_server_activity_type_id_fkey,RESTRICT
ir_act_server,activity_user_id,res_users,id,ir_act_server_activity_user_id_fkey,SET NULL
ir_act_server,binding_model_id,ir_model,id,ir_act_server_binding_model_id_fkey,CASCADE
ir_act_server,create_uid,res_users,id,ir_act_server_create_uid_fkey,SET NULL
ir_act_server,crud_model_id,ir_model,id,ir_act_server_crud_model_id_fkey,SET NULL
ir_act_server,link_field_id,ir_model_fields,id,ir_act_server_link_field_id_fkey,SET NULL
ir_act_server,model_id,ir_model,id,ir_act_server_model_id_fkey,CASCADE
ir_act_server,parent_id,ir_act_server,id,ir_act_server_parent_id_fkey,CASCADE
ir_act_server,selection_value,ir_model_fields_selection,id,ir_act_server_selection_value_fkey,CASCADE
ir_act_server,sequence_id,ir_sequence,id,ir_act_server_sequence_id_fkey,SET NULL
ir_act_server,sms_template_id,sms_template,id,ir_act_server_sms_template_id_fkey,SET NULL
ir_act_server,template_id,mail_template,id,ir_act_server_template_id_fkey,SET NULL
ir_act_server,update_field_id,ir_model_fields,id,ir_act_server_update_field_id_fkey,CASCADE
ir_act_server,update_related_model_id,ir_model,id,ir_act_server_update_related_model_id_fkey,SET NULL
ir_act_server,write_uid,res_users,id,ir_act_server_write_uid_fkey,SET NULL
ir_act_server_group_rel,act_id,ir_act_server,id,ir_act_server_group_rel_act_id_fkey,CASCADE
ir_act_server_group_rel,gid,res_groups,id,ir_act_server_group_rel_gid_fkey,CASCADE
ir_act_server_res_partner_rel,ir_act_server_id,ir_act_server,id,ir_act_server_res_partner_rel_ir_act_server_id_fkey,CASCADE
ir_act_server_res_partner_rel,res_partner_id,res_partner,id,ir_act_server_res_partner_rel_res_partner_id_fkey,CASCADE
ir_act_server_webhook_field_rel,field_id,ir_model_fields,id,ir_act_server_webhook_field_rel_field_id_fkey,CASCADE
ir_act_server_webhook_field_rel,server_id,ir_act_server,id,ir_act_server_webhook_field_rel_server_id_fkey,CASCADE
ir_act_url,binding_model_id,ir_model,id,ir_act_url_binding_model_id_fkey,CASCADE
ir_act_url,create_uid,res_users,id,ir_act_url_create_uid_fkey,SET NULL
ir_act_url,write_uid,res_users,id,ir_act_url_write_uid_fkey,SET NULL
ir_act_window,binding_model_id,ir_model,id,ir_act_window_binding_model_id_fkey,CASCADE
ir_act_window,create_uid,res_users,id,ir_act_window_create_uid_fkey,SET NULL
ir_act_window,search_view_id,ir_ui_view,id,ir_act_window_search_view_id_fkey,SET NULL
ir_act_window,view_id,ir_ui_view,id,ir_act_window_view_id_fkey,SET NULL
ir_act_window,write_uid,res_users,id,ir_act_window_write_uid_fkey,SET NULL
ir_act_window_group_rel,act_id,ir_act_window,id,ir_act_window_group_rel_act_id_fkey,CASCADE
ir_act_window_group_rel,gid,res_groups,id,ir_act_window_group_rel_gid_fkey,CASCADE
ir_act_window_view,act_window_id,ir_act_window,id,ir_act_window_view_act_window_id_fkey,CASCADE
ir_act_window_view,create_uid,res_users,id,ir_act_window_view_create_uid_fkey,SET NULL
ir_act_window_view,view_id,ir_ui_view,id,ir_act_window_view_view_id_fkey,SET NULL
ir_act_window_view,write_uid,res_users,id,ir_act_window_view_write_uid_fkey,SET NULL
ir_actions,binding_model_id,ir_model,id,ir_actions_binding_model_id_fkey,CASCADE
ir_actions,create_uid,res_users,id,ir_actions_create_uid_fkey,SET NULL
ir_actions,write_uid,res_users,id,ir_actions_write_uid_fkey,SET NULL
ir_actions_server_history,action_id,ir_act_server,id,ir_actions_server_history_action_id_fkey,CASCADE
ir_actions_server_history,create_uid,res_users,id,ir_actions_server_history_create_uid_fkey,SET NULL
ir_actions_server_history,write_uid,res_users,id,ir_actions_server_history_write_uid_fkey,SET NULL
ir_actions_todo,create_uid,res_users,id,ir_actions_todo_create_uid_fkey,SET NULL
ir_actions_todo,write_uid,res_users,id,ir_actions_todo_write_uid_fkey,SET NULL
ir_asset,create_uid,res_users,id,ir_asset_create_uid_fkey,SET NULL
ir_asset,write_uid,res_users,id,ir_asset_write_uid_fkey,SET NULL
ir_attachment,company_id,res_company,id,ir_attachment_company_id_fkey,SET NULL
ir_attachment,create_uid,res_users,id,ir_attachment_create_uid_fkey,SET NULL
ir_attachment,original_id,ir_attachment,id,ir_attachment_original_id_fkey,SET NULL
ir_attachment,write_uid,res_users,id,ir_attachment_write_uid_fkey,SET NULL
ir_config_parameter,create_uid,res_users,id,ir_config_parameter_create_uid_fkey,SET NULL
ir_config_parameter,write_uid,res_users,id,ir_config_parameter_write_uid_fkey,SET NULL
ir_cron,create_uid,res_users,id,ir_cron_create_uid_fkey,SET NULL
ir_cron,ir_actions_server_id,ir_act_server,id,ir_cron_ir_actions_server_id_fkey,RESTRICT
ir_cron,user_id,res_users,id,ir_cron_user_id_fkey,RESTRICT
ir_cron,write_uid,res_users,id,ir_cron_write_uid_fkey,SET NULL
ir_cron_progress,create_uid,res_users,id,ir_cron_progress_create_uid_fkey,SET NULL
ir_cron_progress,cron_id,ir_cron,id,ir_cron_progress_cron_id_fkey,CASCADE
ir_cron_progress,write_uid,res_users,id,ir_cron_progress_write_uid_fkey,SET NULL
ir_cron_trigger,create_uid,res_users,id,ir_cron_trigger_create_uid_fkey,SET NULL
ir_cron_trigger,cron_id,ir_cron,id,ir_cron_trigger_cron_id_fkey,CASCADE
ir_cron_trigger,write_uid,res_users,id,ir_cron_trigger_write_uid_fkey,SET NULL
ir_default,company_id,res_company,id,ir_default_company_id_fkey,CASCADE
ir_default,create_uid,res_users,id,ir_default_create_uid_fkey,SET NULL
ir_default,field_id,ir_model_fields,id,ir_default_field_id_fkey,CASCADE
ir_default,user_id,res_users,id,ir_default_user_id_fkey,CASCADE
ir_default,write_uid,res_users,id,ir_default_write_uid_fkey,SET NULL
ir_demo,create_uid,res_users,id,ir_demo_create_uid_fkey,SET NULL
ir_demo,write_uid,res_users,id,ir_demo_write_uid_fkey,SET NULL
ir_demo_failure,create_uid,res_users,id,ir_demo_failure_create_uid_fkey,SET NULL
ir_demo_failure,module_id,ir_module_module,id,ir_demo_failure_module_id_fkey,CASCADE
ir_demo_failure,wizard_id,ir_demo_failure_wizard,id,ir_demo_failure_wizard_id_fkey,SET NULL
ir_demo_failure,write_uid,res_users,id,ir_demo_failure_write_uid_fkey,SET NULL
ir_demo_failure_wizard,create_uid,res_users,id,ir_demo_failure_wizard_create_uid_fkey,SET NULL
ir_demo_failure_wizard,write_uid,res_users,id,ir_demo_failure_wizard_write_uid_fkey,SET NULL
ir_embedded_actions,create_uid,res_users,id,ir_embedded_actions_create_uid_fkey,SET NULL
ir_embedded_actions,parent_action_id,ir_act_window,id,ir_embedded_actions_parent_action_id_fkey,CASCADE
ir_embedded_actions,user_id,res_users,id,ir_embedded_actions_user_id_fkey,CASCADE
ir_embedded_actions,write_uid,res_users,id,ir_embedded_actions_write_uid_fkey,SET NULL
ir_embedded_actions_res_groups_rel,ir_embedded_actions_id,ir_embedded_actions,id,ir_embedded_actions_res_groups_rel_ir_embedded_actions_id_fkey,CASCADE
ir_embedded_actions_res_groups_rel,res_groups_id,res_groups,id,ir_embedded_actions_res_groups_rel_res_groups_id_fkey,CASCADE
ir_exports,create_uid,res_users,id,ir_exports_create_uid_fkey,SET NULL
ir_exports,write_uid,res_users,id,ir_exports_write_uid_fkey,SET NULL
ir_exports_line,create_uid,res_users,id,ir_exports_line_create_uid_fkey,SET NULL
ir_exports_line,export_id,ir_exports,id,ir_exports_line_export_id_fkey,CASCADE
ir_exports_line,write_uid,res_users,id,ir_exports_line_write_uid_fkey,SET NULL
ir_filters,create_uid,res_users,id,ir_filters_create_uid_fkey,SET NULL
ir_filters,embedded_action_id,ir_embedded_actions,id,ir_filters_embedded_action_id_fkey,CASCADE
ir_filters,write_uid,res_users,id,ir_filters_write_uid_fkey,SET NULL
ir_filters_res_users_rel,ir_filters_id,ir_filters,id,ir_filters_res_users_rel_ir_filters_id_fkey,CASCADE
ir_filters_res_users_rel,res_users_id,res_users,id,ir_filters_res_users_rel_res_users_id_fkey,CASCADE
ir_mail_server,create_uid,res_users,id,ir_mail_server_create_uid_fkey,SET NULL
ir_mail_server,owner_user_id,res_users,id,ir_mail_server_owner_user_id_fkey,SET NULL
ir_mail_server,write_uid,res_users,id,ir_mail_server_write_uid_fkey,SET NULL
ir_model,create_uid,res_users,id,ir_model_create_uid_fkey,SET NULL
ir_model,write_uid,res_users,id,ir_model_write_uid_fkey,SET NULL
ir_model_access,create_uid,res_users,id,ir_model_access_create_uid_fkey,SET NULL
ir_model_access,group_id,res_groups,id,ir_model_access_group_id_fkey,RESTRICT
ir_model_access,model_id,ir_model,id,ir_model_access_model_id_fkey,CASCADE
ir_model_access,write_uid,res_users,id,ir_model_access_write_uid_fkey,SET NULL
ir_model_constraint,create_uid,res_users,id,ir_model_constraint_create_uid_fkey,SET NULL
ir_model_constraint,model,ir_model,id,ir_model_constraint_model_fkey,CASCADE
ir_model_constraint,module,ir_module_module,id,ir_model_constraint_module_fkey,CASCADE
ir_model_constraint,write_uid,res_users,id,ir_model_constraint_write_uid_fkey,SET NULL
ir_model_data,create_uid,res_users,id,ir_model_data_create_uid_fkey,SET NULL
ir_model_data,write_uid,res_users,id,ir_model_data_write_uid_fkey,SET NULL
ir_model_fields,create_uid,res_users,id,ir_model_fields_create_uid_fkey,SET NULL
ir_model_fields,model_id,ir_model,id,ir_model_fields_model_id_fkey,CASCADE
ir_model_fields,related_field_id,ir_model_fields,id,ir_model_fields_related_field_id_fkey,CASCADE
ir_model_fields,relation_field_id,ir_model_fields,id,ir_model_fields_relation_field_id_fkey,CASCADE
ir_model_fields,write_uid,res_users,id,ir_model_fields_write_uid_fkey,SET NULL
ir_model_fields_group_rel,field_id,ir_model_fields,id,ir_model_fields_group_rel_field_id_fkey,CASCADE
ir_model_fields_group_rel,group_id,res_groups,id,ir_model_fields_group_rel_group_id_fkey,CASCADE
ir_model_fields_selection,create_uid,res_users,id,ir_model_fields_selection_create_uid_fkey,SET NULL
ir_model_fields_selection,field_id,ir_model_fields,id,ir_model_fields_selection_field_id_fkey,CASCADE
ir_model_fields_selection,write_uid,res_users,id,ir_model_fields_selection_write_uid_fkey,SET NULL
ir_model_inherit,model_id,ir_model,id,ir_model_inherit_model_id_fkey,CASCADE
ir_model_inherit,parent_field_id,ir_model_fields,id,ir_model_inherit_parent_field_id_fkey,CASCADE
ir_model_inherit,parent_id,ir_model,id,ir_model_inherit_parent_id_fkey,CASCADE
ir_model_relation,create_uid,res_users,id,ir_model_relation_create_uid_fkey,SET NULL
ir_model_relation,model,ir_model,id,ir_model_relation_model_fkey,CASCADE
ir_model_relation,module,ir_module_module,id,ir_model_relation_module_fkey,CASCADE
ir_model_relation,write_uid,res_users,id,ir_model_relation_write_uid_fkey,SET NULL
ir_module_category,create_uid,res_users,id,ir_module_category_create_uid_fkey,SET NULL
ir_module_category,parent_id,ir_module_category,id,ir_module_category_parent_id_fkey,SET NULL
ir_module_category,write_uid,res_users,id,ir_module_category_write_uid_fkey,SET NULL
ir_module_module,category_id,ir_module_category,id,ir_module_module_category_id_fkey,SET NULL
ir_module_module,create_uid,res_users,id,ir_module_module_create_uid_fkey,SET NULL
ir_module_module,write_uid,res_users,id,ir_module_module_write_uid_fkey,SET NULL
ir_module_module_dependency,module_id,ir_module_module,id,ir_module_module_dependency_module_id_fkey,CASCADE
ir_module_module_exclusion,create_uid,res_users,id,ir_module_module_exclusion_create_uid_fkey,SET NULL
ir_module_module_exclusion,module_id,ir_module_module,id,ir_module_module_exclusion_module_id_fkey,CASCADE
ir_module_module_exclusion,write_uid,res_users,id,ir_module_module_exclusion_write_uid_fkey,SET NULL
ir_rule,create_uid,res_users,id,ir_rule_create_uid_fkey,SET NULL
ir_rule,model_id,ir_model,id,ir_rule_model_id_fkey,CASCADE
ir_rule,write_uid,res_users,id,ir_rule_write_uid_fkey,SET NULL
ir_sequence,company_id,res_company,id,ir_sequence_company_id_fkey,SET NULL
ir_sequence,create_uid,res_users,id,ir_sequence_create_uid_fkey,SET NULL
ir_sequence,write_uid,res_users,id,ir_sequence_write_uid_fkey,SET NULL
ir_sequence_date_range,create_uid,res_users,id,ir_sequence_date_range_create_uid_fkey,SET NULL
ir_sequence_date_range,sequence_id,ir_sequence,id,ir_sequence_date_range_sequence_id_fkey,CASCADE
ir_sequence_date_range,write_uid,res_users,id,ir_sequence_date_range_write_uid_fkey,SET NULL
ir_ui_menu,create_uid,res_users,id,ir_ui_menu_create_uid_fkey,SET NULL
ir_ui_menu,parent_id,ir_ui_menu,id,ir_ui_menu_parent_id_fkey,RESTRICT
ir_ui_menu,write_uid,res_users,id,ir_ui_menu_write_uid_fkey,SET NULL
ir_ui_menu_group_rel,gid,res_groups,id,ir_ui_menu_group_rel_gid_fkey,CASCADE
ir_ui_menu_group_rel,menu_id,ir_ui_menu,id,ir_ui_menu_group_rel_menu_id_fkey,CASCADE
ir_ui_view,create_uid,res_users,id,ir_ui_view_create_uid_fkey,SET NULL
ir_ui_view,inherit_id,ir_ui_view,id,ir_ui_view_inherit_id_fkey,RESTRICT
ir_ui_view,write_uid,res_users,id,ir_ui_view_write_uid_fkey,SET NULL
ir_ui_view_custom,create_uid,res_users,id,ir_ui_view_custom_create_uid_fkey,SET NULL
ir_ui_view_custom,ref_id,ir_ui_view,id,ir_ui_view_custom_ref_id_fkey,CASCADE
ir_ui_view_custom,user_id,res_users,id,ir_ui_view_custom_user_id_fkey,CASCADE
ir_ui_view_custom,write_uid,res_users,id,ir_ui_view_custom_write_uid_fkey,SET NULL
ir_ui_view_group_rel,group_id,res_groups,id,ir_ui_view_group_rel_group_id_fkey,CASCADE
ir_ui_view_group_rel,view_id,ir_ui_view,id,ir_ui_view_group_rel_view_id_fkey,CASCADE
mail_activity,activity_type_id,mail_activity_type,id,mail_activity_activity_type_id_fkey,RESTRICT
mail_activity,calendar_event_id,calendar_event,id,mail_activity_calendar_event_id_fkey,CASCADE
mail_activity,create_uid,res_users,id,mail_activity_create_uid_fkey,SET NULL
mail_activity,previous_activity_type_id,mail_activity_type,id,mail_activity_previous_activity_type_id_fkey,SET NULL
mail_activity,recommended_activity_type_id,mail_activity_type,id,mail_activity_recommended_activity_type_id_fkey,SET NULL
mail_activity,res_model_id,ir_model,id,mail_activity_res_model_id_fkey,CASCADE
mail_activity,user_id,res_users,id,mail_activity_user_id_fkey,CASCADE
mail_activity,write_uid,res_users,id,mail_activity_write_uid_fkey,SET NULL
mail_activity_plan,company_id,res_company,id,mail_activity_plan_company_id_fkey,SET NULL
mail_activity_plan,create_uid,res_users,id,mail_activity_plan_create_uid_fkey,SET NULL
mail_activity_plan,res_model_id,ir_model,id,mail_activity_plan_res_model_id_fkey,CASCADE
mail_activity_plan,write_uid,res_users,id,mail_activity_plan_write_uid_fkey,SET NULL
mail_activity_plan_mail_activity_schedule_rel,mail_activity_schedule_id,mail_activity_schedule,id,mail_activity_plan_mail_activity_mail_activity_schedule_id_fkey,CASCADE
mail_activity_plan_mail_activity_schedule_rel,mail_activity_plan_id,mail_activity_plan,id,mail_activity_plan_mail_activity_sch_mail_activity_plan_id_fkey,CASCADE
mail_activity_plan_template,activity_type_id,mail_activity_type,id,mail_activity_plan_template_activity_type_id_fkey,RESTRICT
mail_activity_plan_template,create_uid,res_users,id,mail_activity_plan_template_create_uid_fkey,SET NULL
mail_activity_plan_template,plan_id,mail_activity_plan,id,mail_activity_plan_template_plan_id_fkey,CASCADE
mail_activity_plan_template,responsible_id,res_users,id,mail_activity_plan_template_responsible_id_fkey,SET NULL
mail_activity_plan_template,write_uid,res_users,id,mail_activity_plan_template_write_uid_fkey,SET NULL
mail_activity_plan_template_mail_activity_type_rel,mail_activity_plan_template_id,mail_activity_plan_template,id,mail_activity_plan_template_m_mail_activity_plan_template__fkey,CASCADE
mail_activity_plan_template_mail_activity_type_rel,mail_activity_type_id,mail_activity_type,id,mail_activity_plan_template_mail_act_mail_activity_type_id_fkey,CASCADE
mail_activity_rel,activity_id,mail_activity_type,id,mail_activity_rel_activity_id_fkey,CASCADE
mail_activity_rel,recommended_id,mail_activity_type,id,mail_activity_rel_recommended_id_fkey,CASCADE
mail_activity_schedule,activity_type_id,mail_activity_type,id,mail_activity_schedule_activity_type_id_fkey,SET NULL
mail_activity_schedule,activity_user_id,res_users,id,mail_activity_schedule_activity_user_id_fkey,SET NULL
mail_activity_schedule,create_uid,res_users,id,mail_activity_schedule_create_uid_fkey,SET NULL
mail_activity_schedule,plan_id,mail_activity_plan,id,mail_activity_schedule_plan_id_fkey,SET NULL
mail_activity_schedule,plan_on_demand_user_id,res_users,id,mail_activity_schedule_plan_on_demand_user_id_fkey,SET NULL
mail_activity_schedule,res_model_id,ir_model,id,mail_activity_schedule_res_model_id_fkey,CASCADE
mail_activity_schedule,write_uid,res_users,id,mail_activity_schedule_write_uid_fkey,SET NULL
mail_activity_schedule_line,activity_schedule_id,mail_activity_schedule,id,mail_activity_schedule_line_activity_schedule_id_fkey,CASCADE
mail_activity_schedule_line,create_uid,res_users,id,mail_activity_schedule_line_create_uid_fkey,SET NULL
mail_activity_schedule_line,responsible_user_id,res_users,id,mail_activity_schedule_line_responsible_user_id_fkey,SET NULL
mail_activity_schedule_line,write_uid,res_users,id,mail_activity_schedule_line_write_uid_fkey,SET NULL
mail_activity_type,create_uid,res_users,id,mail_activity_type_create_uid_fkey,SET NULL
mail_activity_type,default_user_id,res_users,id,mail_activity_type_default_user_id_fkey,SET NULL
mail_activity_type,triggered_next_type_id,mail_activity_type,id,mail_activity_type_triggered_next_type_id_fkey,RESTRICT
mail_activity_type,write_uid,res_users,id,mail_activity_type_write_uid_fkey,SET NULL
mail_activity_type_mail_template_rel,mail_activity_type_id,mail_activity_type,id,mail_activity_type_mail_template_rel_mail_activity_type_id_fkey,CASCADE
mail_activity_type_mail_template_rel,mail_template_id,mail_template,id,mail_activity_type_mail_template_rel_mail_template_id_fkey,CASCADE
mail_alias,alias_domain_id,mail_alias_domain,id,mail_alias_alias_domain_id_fkey,RESTRICT
mail_alias,alias_model_id,ir_model,id,mail_alias_alias_model_id_fkey,CASCADE
mail_alias,alias_parent_model_id,ir_model,id,mail_alias_alias_parent_model_id_fkey,SET NULL
mail_alias,create_uid,res_users,id,mail_alias_create_uid_fkey,SET NULL
mail_alias,write_uid,res_users,id,mail_alias_write_uid_fkey,SET NULL
mail_alias_domain,create_uid,res_users,id,mail_alias_domain_create_uid_fkey,SET NULL
mail_alias_domain,write_uid,res_users,id,mail_alias_domain_write_uid_fkey,SET NULL
mail_blacklist,create_uid,res_users,id,mail_blacklist_create_uid_fkey,SET NULL
mail_blacklist,write_uid,res_users,id,mail_blacklist_write_uid_fkey,SET NULL
mail_blacklist_remove,create_uid,res_users,id,mail_blacklist_remove_create_uid_fkey,SET NULL
mail_blacklist_remove,write_uid,res_users,id,mail_blacklist_remove_write_uid_fkey,SET NULL
mail_canned_response,create_uid,res_users,id,mail_canned_response_create_uid_fkey,SET NULL
mail_canned_response,write_uid,res_users,id,mail_canned_response_write_uid_fkey,SET NULL
mail_canned_response_res_groups_rel,mail_canned_response_id,mail_canned_response,id,mail_canned_response_res_groups_re_mail_canned_response_id_fkey,CASCADE
mail_canned_response_res_groups_rel,res_groups_id,res_groups,id,mail_canned_response_res_groups_rel_res_groups_id_fkey,CASCADE
mail_compose_message,author_id,res_partner,id,mail_compose_message_author_id_fkey,SET NULL
mail_compose_message,create_uid,res_users,id,mail_compose_message_create_uid_fkey,SET NULL
mail_compose_message,mail_activity_type_id,mail_activity_type,id,mail_compose_message_mail_activity_type_id_fkey,SET NULL
mail_compose_message,mail_server_id,ir_mail_server,id,mail_compose_message_mail_server_id_fkey,SET NULL
mail_compose_message,parent_id,mail_message,id,mail_compose_message_parent_id_fkey,SET NULL
mail_compose_message,record_alias_domain_id,mail_alias_domain,id,mail_compose_message_record_alias_domain_id_fkey,SET NULL
mail_compose_message,record_company_id,res_company,id,mail_compose_message_record_company_id_fkey,SET NULL
mail_compose_message,res_domain_user_id,res_users,id,mail_compose_message_res_domain_user_id_fkey,SET NULL
mail_compose_message,subtype_id,mail_message_subtype,id,mail_compose_message_subtype_id_fkey,SET NULL
mail_compose_message,template_id,mail_template,id,mail_compose_message_template_id_fkey,SET NULL
mail_compose_message,write_uid,res_users,id,mail_compose_message_write_uid_fkey,SET NULL
mail_compose_message_ir_attachments_rel,attachment_id,ir_attachment,id,mail_compose_message_ir_attachments_rel_attachment_id_fkey,CASCADE
mail_compose_message_ir_attachments_rel,wizard_id,mail_compose_message,id,mail_compose_message_ir_attachments_rel_wizard_id_fkey,CASCADE
mail_compose_message_res_partner_rel,partner_id,res_partner,id,mail_compose_message_res_partner_rel_partner_id_fkey,CASCADE
mail_compose_message_res_partner_rel,wizard_id,mail_compose_message,id,mail_compose_message_res_partner_rel_wizard_id_fkey,CASCADE
mail_followers,partner_id,res_partner,id,mail_followers_partner_id_fkey,CASCADE
mail_followers_edit,create_uid,res_users,id,mail_followers_edit_create_uid_fkey,SET NULL
mail_followers_edit,write_uid,res_users,id,mail_followers_edit_write_uid_fkey,SET NULL
mail_followers_edit_res_partner_rel,mail_followers_edit_id,mail_followers_edit,id,mail_followers_edit_res_partner_rel_mail_followers_edit_id_fkey,CASCADE
mail_followers_edit_res_partner_rel,res_partner_id,res_partner,id,mail_followers_edit_res_partner_rel_res_partner_id_fkey,CASCADE
mail_followers_mail_message_subtype_rel,mail_message_subtype_id,mail_message_subtype,id,mail_followers_mail_message_subtyp_mail_message_subtype_id_fkey,CASCADE
mail_followers_mail_message_subtype_rel,mail_followers_id,mail_followers,id,mail_followers_mail_message_subtype_rel_mail_followers_id_fkey,CASCADE
mail_gateway_allowed,create_uid,res_users,id,mail_gateway_allowed_create_uid_fkey,SET NULL
mail_gateway_allowed,write_uid,res_users,id,mail_gateway_allowed_write_uid_fkey,SET NULL
mail_guest,country_id,res_country,id,mail_guest_country_id_fkey,SET NULL
mail_guest,create_uid,res_users,id,mail_guest_create_uid_fkey,SET NULL
mail_guest,write_uid,res_users,id,mail_guest_write_uid_fkey,SET NULL
mail_ice_server,create_uid,res_users,id,mail_ice_server_create_uid_fkey,SET NULL
mail_ice_server,write_uid,res_users,id,mail_ice_server_write_uid_fkey,SET NULL
mail_link_preview,create_uid,res_users,id,mail_link_preview_create_uid_fkey,SET NULL
mail_link_preview,write_uid,res_users,id,mail_link_preview_write_uid_fkey,SET NULL
mail_mail,create_uid,res_users,id,mail_mail_create_uid_fkey,SET NULL
mail_mail,fetchmail_server_id,fetchmail_server,id,mail_mail_fetchmail_server_id_fkey,SET NULL
mail_mail,mail_message_id,mail_message,id,mail_mail_mail_message_id_fkey,CASCADE
mail_mail,write_uid,res_users,id,mail_mail_write_uid_fkey,SET NULL
mail_mail_res_partner_rel,mail_mail_id,mail_mail,id,mail_mail_res_partner_rel_mail_mail_id_fkey,CASCADE
mail_mail_res_partner_rel,res_partner_id,res_partner,id,mail_mail_res_partner_rel_res_partner_id_fkey,CASCADE
mail_message,author_guest_id,mail_guest,id,mail_message_author_guest_id_fkey,SET NULL
mail_message,author_id,res_partner,id,mail_message_author_id_fkey,SET NULL
mail_message,create_uid,res_users,id,mail_message_create_uid_fkey,SET NULL
mail_message,mail_activity_type_id,mail_activity_type,id,mail_message_mail_activity_type_id_fkey,SET NULL
mail_message,mail_server_id,ir_mail_server,id,mail_message_mail_server_id_fkey,SET NULL
mail_message,parent_id,mail_message,id,mail_message_parent_id_fkey,SET NULL
mail_message,record_alias_domain_id,mail_alias_domain,id,mail_message_record_alias_domain_id_fkey,SET NULL
mail_message,record_company_id,res_company,id,mail_message_record_company_id_fkey,SET NULL
mail_message,subtype_id,mail_message_subtype,id,mail_message_subtype_id_fkey,SET NULL
mail_message,write_uid,res_users,id,mail_message_write_uid_fkey,SET NULL
mail_message_link_preview,create_uid,res_users,id,mail_message_link_preview_create_uid_fkey,SET NULL
mail_message_link_preview,link_preview_id,mail_link_preview,id,mail_message_link_preview_link_preview_id_fkey,CASCADE
mail_message_link_preview,message_id,mail_message,id,mail_message_link_preview_message_id_fkey,CASCADE
mail_message_link_preview,write_uid,res_users,id,mail_message_link_preview_write_uid_fkey,SET NULL
mail_message_reaction,guest_id,mail_guest,id,mail_message_reaction_guest_id_fkey,CASCADE
mail_message_reaction,message_id,mail_message,id,mail_message_reaction_message_id_fkey,CASCADE
mail_message_reaction,partner_id,res_partner,id,mail_message_reaction_partner_id_fkey,CASCADE
mail_message_res_partner_rel,mail_message_id,mail_message,id,mail_message_res_partner_rel_mail_message_id_fkey,CASCADE
mail_message_res_partner_rel,res_partner_id,res_partner,id,mail_message_res_partner_rel_res_partner_id_fkey,CASCADE
mail_message_res_partner_starred_rel,mail_message_id,mail_message,id,mail_message_res_partner_starred_rel_mail_message_id_fkey,CASCADE
mail_message_res_partner_starred_rel,res_partner_id,res_partner,id,mail_message_res_partner_starred_rel_res_partner_id_fkey,CASCADE
mail_message_schedule,create_uid,res_users,id,mail_message_schedule_create_uid_fkey,SET NULL
mail_message_schedule,mail_message_id,mail_message,id,mail_message_schedule_mail_message_id_fkey,CASCADE
mail_message_schedule,write_uid,res_users,id,mail_message_schedule_write_uid_fkey,SET NULL
mail_message_subtype,create_uid,res_users,id,mail_message_subtype_create_uid_fkey,SET NULL
mail_message_subtype,parent_id,mail_message_subtype,id,mail_message_subtype_parent_id_fkey,SET NULL
mail_message_subtype,write_uid,res_users,id,mail_message_subtype_write_uid_fkey,SET NULL
mail_message_translation,create_uid,res_users,id,mail_message_translation_create_uid_fkey,SET NULL
mail_message_translation,message_id,mail_message,id,mail_message_translation_message_id_fkey,CASCADE
mail_message_translation,write_uid,res_users,id,mail_message_translation_write_uid_fkey,SET NULL
mail_notification,author_id,res_partner,id,mail_notification_author_id_fkey,SET NULL
mail_notification,letter_id,snailmail_letter,id,mail_notification_letter_id_fkey,CASCADE
mail_notification,mail_mail_id,mail_mail,id,mail_notification_mail_mail_id_fkey,SET NULL
mail_notification,mail_message_id,mail_message,id,mail_notification_mail_message_id_fkey,CASCADE
mail_notification,res_partner_id,res_partner,id,mail_notification_res_partner_id_fkey,CASCADE
mail_presence,guest_id,mail_guest,id,mail_presence_guest_id_fkey,CASCADE
mail_presence,user_id,res_users,id,mail_presence_user_id_fkey,CASCADE
mail_push,create_uid,res_users,id,mail_push_create_uid_fkey,SET NULL
mail_push,mail_push_device_id,mail_push_device,id,mail_push_mail_push_device_id_fkey,CASCADE
mail_push,write_uid,res_users,id,mail_push_write_uid_fkey,SET NULL
mail_push_device,create_uid,res_users,id,mail_push_device_create_uid_fkey,SET NULL
mail_push_device,partner_id,res_partner,id,mail_push_device_partner_id_fkey,RESTRICT
mail_push_device,write_uid,res_users,id,mail_push_device_write_uid_fkey,SET NULL
mail_scheduled_message,author_id,res_partner,id,mail_scheduled_message_author_id_fkey,RESTRICT
mail_scheduled_message,create_uid,res_users,id,mail_scheduled_message_create_uid_fkey,SET NULL
mail_scheduled_message,write_uid,res_users,id,mail_scheduled_message_write_uid_fkey,SET NULL
mail_scheduled_message_res_partner_rel,mail_scheduled_message_id,mail_scheduled_message,id,mail_scheduled_message_res_partn_mail_scheduled_message_id_fkey,CASCADE
mail_scheduled_message_res_partner_rel,res_partner_id,res_partner,id,mail_scheduled_message_res_partner_rel_res_partner_id_fkey,CASCADE
mail_template,create_uid,res_users,id,mail_template_create_uid_fkey,SET NULL
mail_template,mail_server_id,ir_mail_server,id,mail_template_mail_server_id_fkey,SET NULL
mail_template,model_id,ir_model,id,mail_template_model_id_fkey,CASCADE
mail_template,ref_ir_act_window,ir_act_window,id,mail_template_ref_ir_act_window_fkey,SET NULL
mail_template,user_id,res_users,id,mail_template_user_id_fkey,SET NULL
mail_template,write_uid,res_users,id,mail_template_write_uid_fkey,SET NULL
mail_template_ir_actions_report_rel,ir_actions_report_id,ir_act_report_xml,id,mail_template_ir_actions_report_rel_ir_actions_report_id_fkey,CASCADE
mail_template_ir_actions_report_rel,mail_template_id,mail_template,id,mail_template_ir_actions_report_rel_mail_template_id_fkey,CASCADE
mail_template_mail_template_reset_rel,mail_template_reset_id,mail_template_reset,id,mail_template_mail_template_reset_r_mail_template_reset_id_fkey,CASCADE
mail_template_mail_template_reset_rel,mail_template_id,mail_template,id,mail_template_mail_template_reset_rel_mail_template_id_fkey,CASCADE
mail_template_preview,create_uid,res_users,id,mail_template_preview_create_uid_fkey,SET NULL
mail_template_preview,mail_template_id,mail_template,id,mail_template_preview_mail_template_id_fkey,CASCADE
mail_template_preview,write_uid,res_users,id,mail_template_preview_write_uid_fkey,SET NULL
mail_template_reset,create_uid,res_users,id,mail_template_reset_create_uid_fkey,SET NULL
mail_template_reset,write_uid,res_users,id,mail_template_reset_write_uid_fkey,SET NULL
mail_tracking_value,create_uid,res_users,id,mail_tracking_value_create_uid_fkey,SET NULL
mail_tracking_value,currency_id,res_currency,id,mail_tracking_value_currency_id_fkey,SET NULL
mail_tracking_value,field_id,ir_model_fields,id,mail_tracking_value_field_id_fkey,SET NULL
mail_tracking_value,mail_message_id,mail_message,id,mail_tracking_value_mail_message_id_fkey,CASCADE
mail_tracking_value,write_uid,res_users,id,mail_tracking_value_write_uid_fkey,SET NULL
meeting_category_rel,event_id,calendar_event,id,meeting_category_rel_event_id_fkey,CASCADE
meeting_category_rel,type_id,calendar_event_type,id,meeting_category_rel_type_id_fkey,CASCADE
merge_opportunity_rel,merge_id,crm_merge_opportunity,id,merge_opportunity_rel_merge_id_fkey,CASCADE
merge_opportunity_rel,opportunity_id,crm_lead,id,merge_opportunity_rel_opportunity_id_fkey,CASCADE
message_attachment_rel,attachment_id,ir_attachment,id,message_attachment_rel_attachment_id_fkey,CASCADE
message_attachment_rel,message_id,mail_message,id,message_attachment_rel_message_id_fkey,CASCADE
module_country,country_id,res_country,id,module_country_country_id_fkey,CASCADE
module_country,module_id,ir_module_module,id,module_country_module_id_fkey,CASCADE
phone_blacklist,create_uid,res_users,id,phone_blacklist_create_uid_fkey,SET NULL
phone_blacklist,write_uid,res_users,id,phone_blacklist_write_uid_fkey,SET NULL
phone_blacklist_remove,create_uid,res_users,id,phone_blacklist_remove_create_uid_fkey,SET NULL
phone_blacklist_remove,write_uid,res_users,id,phone_blacklist_remove_write_uid_fkey,SET NULL
portal_share,create_uid,res_users,id,portal_share_create_uid_fkey,SET NULL
portal_share,write_uid,res_users,id,portal_share_write_uid_fkey,SET NULL
portal_share_res_partner_rel,portal_share_id,portal_share,id,portal_share_res_partner_rel_portal_share_id_fkey,CASCADE
portal_share_res_partner_rel,res_partner_id,res_partner,id,portal_share_res_partner_rel_res_partner_id_fkey,CASCADE
portal_wizard,create_uid,res_users,id,portal_wizard_create_uid_fkey,SET NULL
portal_wizard,write_uid,res_users,id,portal_wizard_write_uid_fkey,SET NULL
portal_wizard_res_partner_rel,portal_wizard_id,portal_wizard,id,portal_wizard_res_partner_rel_portal_wizard_id_fkey,CASCADE
portal_wizard_res_partner_rel,res_partner_id,res_partner,id,portal_wizard_res_partner_rel_res_partner_id_fkey,CASCADE
portal_wizard_user,create_uid,res_users,id,portal_wizard_user_create_uid_fkey,SET NULL
portal_wizard_user,partner_id,res_partner,id,portal_wizard_user_partner_id_fkey,CASCADE
portal_wizard_user,wizard_id,portal_wizard,id,portal_wizard_user_wizard_id_fkey,CASCADE
portal_wizard_user,write_uid,res_users,id,portal_wizard_user_write_uid_fkey,SET NULL
privacy_log,create_uid,res_users,id,privacy_log_create_uid_fkey,SET NULL
privacy_log,user_id,res_users,id,privacy_log_user_id_fkey,RESTRICT
privacy_log,write_uid,res_users,id,privacy_log_write_uid_fkey,SET NULL
privacy_lookup_wizard,create_uid,res_users,id,privacy_lookup_wizard_create_uid_fkey,SET NULL
privacy_lookup_wizard,log_id,privacy_log,id,privacy_lookup_wizard_log_id_fkey,SET NULL
privacy_lookup_wizard,write_uid,res_users,id,privacy_lookup_wizard_write_uid_fkey,SET NULL
privacy_lookup_wizard_line,create_uid,res_users,id,privacy_lookup_wizard_line_create_uid_fkey,SET NULL
privacy_lookup_wizard_line,res_model_id,ir_model,id,privacy_lookup_wizard_line_res_model_id_fkey,CASCADE
privacy_lookup_wizard_line,wizard_id,privacy_lookup_wizard,id,privacy_lookup_wizard_line_wizard_id_fkey,SET NULL
privacy_lookup_wizard_line,write_uid,res_users,id,privacy_lookup_wizard_line_write_uid_fkey,SET NULL
properties_base_definition,create_uid,res_users,id,properties_base_definition_create_uid_fkey,SET NULL
properties_base_definition,properties_field_id,ir_model_fields,id,properties_base_definition_properties_field_id_fkey,CASCADE
properties_base_definition,write_uid,res_users,id,properties_base_definition_write_uid_fkey,SET NULL
rel_modules_langexport,module_id,ir_module_module,id,rel_modules_langexport_module_id_fkey,CASCADE
rel_modules_langexport,wiz_id,base_language_export,id,rel_modules_langexport_wiz_id_fkey,CASCADE
report_layout,create_uid,res_users,id,report_layout_create_uid_fkey,SET NULL
report_layout,view_id,ir_ui_view,id,report_layout_view_id_fkey,RESTRICT
report_layout,write_uid,res_users,id,report_layout_write_uid_fkey,SET NULL
report_paperformat,create_uid,res_users,id,report_paperformat_create_uid_fkey,SET NULL
report_paperformat,write_uid,res_users,id,report_paperformat_write_uid_fkey,SET NULL
res_bank,country,res_country,id,res_bank_country_fkey,SET NULL
res_bank,create_uid,res_users,id,res_bank_create_uid_fkey,SET NULL
res_bank,state,res_country_state,id,res_bank_state_fkey,SET NULL
res_bank,write_uid,res_users,id,res_bank_write_uid_fkey,SET NULL
res_company,alias_domain_id,mail_alias_domain,id,res_company_alias_domain_id_fkey,SET NULL
res_company,create_uid,res_users,id,res_company_create_uid_fkey,SET NULL
res_company,currency_id,res_currency,id,res_company_currency_id_fkey,RESTRICT
res_company,external_report_layout_id,ir_ui_view,id,res_company_external_report_layout_id_fkey,SET NULL
res_company,paperformat_id,report_paperformat,id,res_company_paperformat_id_fkey,SET NULL
res_company,parent_id,res_company,id,res_company_parent_id_fkey,RESTRICT
res_company,partner_id,res_partner,id,res_company_partner_id_fkey,RESTRICT
res_company,resource_calendar_id,resource_calendar,id,res_company_resource_calendar_id_fkey,RESTRICT
res_company,write_uid,res_users,id,res_company_write_uid_fkey,SET NULL
res_company_users_rel,cid,res_company,id,res_company_users_rel_cid_fkey,CASCADE
res_company_users_rel,user_id,res_users,id,res_company_users_rel_user_id_fkey,CASCADE
res_config,create_uid,res_users,id,res_config_create_uid_fkey,SET NULL
res_config,write_uid,res_users,id,res_config_write_uid_fkey,SET NULL
res_config_settings,auth_signup_template_user_id,res_users,id,res_config_settings_auth_signup_template_user_id_fkey,SET NULL
res_config_settings,company_id,res_company,id,res_config_settings_company_id_fkey,CASCADE
res_config_settings,create_uid,res_users,id,res_config_settings_create_uid_fkey,SET NULL
res_config_settings,digest_id,digest_digest,id,res_config_settings_digest_id_fkey,SET NULL
res_config_settings,write_uid,res_users,id,res_config_settings_write_uid_fkey,SET NULL
res_country,address_view_id,ir_ui_view,id,res_country_address_view_id_fkey,SET NULL
res_country,create_uid,res_users,id,res_country_create_uid_fkey,SET NULL
res_country,currency_id,res_currency,id,res_country_currency_id_fkey,SET NULL
res_country,write_uid,res_users,id,res_country_write_uid_fkey,SET NULL
res_country_group,create_uid,res_users,id,res_country_group_create_uid_fkey,SET NULL
res_country_group,write_uid,res_users,id,res_country_group_write_uid_fkey,SET NULL
res_country_res_country_group_rel,res_country_group_id,res_country_group,id,res_country_res_country_group_rel_res_country_group_id_fkey,CASCADE
res_country_res_country_group_rel,res_country_id,res_country,id,res_country_res_country_group_rel_res_country_id_fkey,CASCADE
res_country_state,country_id,res_country,id,res_country_state_country_id_fkey,RESTRICT
res_country_state,create_uid,res_users,id,res_country_state_create_uid_fkey,SET NULL
res_country_state,write_uid,res_users,id,res_country_state_write_uid_fkey,SET NULL
res_currency,create_uid,res_users,id,res_currency_create_uid_fkey,SET NULL
res_currency,write_uid,res_users,id,res_currency_write_uid_fkey,SET NULL
res_currency_rate,company_id,res_company,id,res_currency_rate_company_id_fkey,SET NULL
res_currency_rate,create_uid,res_users,id,res_currency_rate_create_uid_fkey,SET NULL
res_currency_rate,currency_id,res_currency,id,res_currency_rate_currency_id_fkey,CASCADE
res_currency_rate,write_uid,res_users,id,res_currency_rate_write_uid_fkey,SET NULL
res_device_log,create_uid,res_users,id,res_device_log_create_uid_fkey,SET NULL
res_device_log,user_id,res_users,id,res_device_log_user_id_fkey,SET NULL
res_device_log,write_uid,res_users,id,res_device_log_write_uid_fkey,SET NULL
res_groups,create_uid,res_users,id,res_groups_create_uid_fkey,SET NULL
res_groups,privilege_id,res_groups_privilege,id,res_groups_privilege_id_fkey,SET NULL
res_groups,write_uid,res_users,id,res_groups_write_uid_fkey,SET NULL
res_groups_implied_rel,gid,res_groups,id,res_groups_implied_rel_gid_fkey,CASCADE
res_groups_implied_rel,hid,res_groups,id,res_groups_implied_rel_hid_fkey,CASCADE
res_groups_privilege,category_id,ir_module_category,id,res_groups_privilege_category_id_fkey,SET NULL
res_groups_privilege,create_uid,res_users,id,res_groups_privilege_create_uid_fkey,SET NULL
res_groups_privilege,write_uid,res_users,id,res_groups_privilege_write_uid_fkey,SET NULL
res_groups_report_rel,gid,res_groups,id,res_groups_report_rel_gid_fkey,CASCADE
res_groups_report_rel,uid,ir_act_report_xml,id,res_groups_report_rel_uid_fkey,CASCADE
res_groups_users_rel,gid,res_groups,id,res_groups_users_rel_gid_fkey,CASCADE
res_groups_users_rel,uid,res_users,id,res_groups_users_rel_uid_fkey,CASCADE
res_lang,create_uid,res_users,id,res_lang_create_uid_fkey,SET NULL
res_lang,write_uid,res_users,id,res_lang_write_uid_fkey,SET NULL
res_lang_install_rel,lang_id,res_lang,id,res_lang_install_rel_lang_id_fkey,CASCADE
res_lang_install_rel,language_wizard_id,base_language_install,id,res_lang_install_rel_language_wizard_id_fkey,CASCADE
res_partner,commercial_partner_id,res_partner,id,res_partner_commercial_partner_id_fkey,SET NULL
res_partner,company_id,res_company,id,res_partner_company_id_fkey,SET NULL
res_partner,country_id,res_country,id,res_partner_country_id_fkey,RESTRICT
res_partner,create_uid,res_users,id,res_partner_create_uid_fkey,SET NULL
res_partner,industry_id,res_partner_industry,id,res_partner_industry_id_fkey,SET NULL
res_partner,parent_id,res_partner,id,res_partner_parent_id_fkey,SET NULL
res_partner,state_id,res_country_state,id,res_partner_state_id_fkey,RESTRICT
res_partner,user_id,res_users,id,res_partner_user_id_fkey,SET NULL
res_partner,write_uid,res_users,id,res_partner_write_uid_fkey,SET NULL
res_partner_bank,bank_id,res_bank,id,res_partner_bank_bank_id_fkey,SET NULL
res_partner_bank,company_id,res_company,id,res_partner_bank_company_id_fkey,SET NULL
res_partner_bank,create_uid,res_users,id,res_partner_bank_create_uid_fkey,SET NULL
res_partner_bank,currency_id,res_currency,id,res_partner_bank_currency_id_fkey,SET NULL
res_partner_bank,partner_id,res_partner,id,res_partner_bank_partner_id_fkey,CASCADE
res_partner_bank,write_uid,res_users,id,res_partner_bank_write_uid_fkey,SET NULL
res_partner_category,create_uid,res_users,id,res_partner_category_create_uid_fkey,SET NULL
res_partner_category,parent_id,res_partner_category,id,res_partner_category_parent_id_fkey,CASCADE
res_partner_category,write_uid,res_users,id,res_partner_category_write_uid_fkey,SET NULL
res_partner_industry,create_uid,res_users,id,res_partner_industry_create_uid_fkey,SET NULL
res_partner_industry,write_uid,res_users,id,res_partner_industry_write_uid_fkey,SET NULL
res_partner_res_partner_category_rel,category_id,res_partner_category,id,res_partner_res_partner_category_rel_category_id_fkey,CASCADE
res_partner_res_partner_category_rel,partner_id,res_partner,id,res_partner_res_partner_category_rel_partner_id_fkey,CASCADE
res_role,create_uid,res_users,id,res_role_create_uid_fkey,SET NULL
res_role,write_uid,res_users,id,res_role_write_uid_fkey,SET NULL
res_role_res_users_rel,res_role_id,res_role,id,res_role_res_users_rel_res_role_id_fkey,CASCADE
res_role_res_users_rel,res_users_id,res_users,id,res_role_res_users_rel_res_users_id_fkey,CASCADE
res_users,company_id,res_company,id,res_users_company_id_fkey,RESTRICT
res_users,create_uid,res_users,id,res_users_create_uid_fkey,SET NULL
res_users,partner_id,res_partner,id,res_users_partner_id_fkey,RESTRICT
res_users,sale_team_id,crm_team,id,res_users_sale_team_id_fkey,SET NULL
res_users,write_uid,res_users,id,res_users_write_uid_fkey,SET NULL
res_users_apikeys,user_id,res_users,id,res_users_apikeys_user_id_fkey,CASCADE
res_users_apikeys_description,create_uid,res_users,id,res_users_apikeys_description_create_uid_fkey,SET NULL
res_users_apikeys_description,write_uid,res_users,id,res_users_apikeys_description_write_uid_fkey,SET NULL
res_users_deletion,create_uid,res_users,id,res_users_deletion_create_uid_fkey,SET NULL
res_users_deletion,user_id,res_users,id,res_users_deletion_user_id_fkey,SET NULL
res_users_deletion,write_uid,res_users,id,res_users_deletion_write_uid_fkey,SET NULL
res_users_identitycheck,create_uid,res_users,id,res_users_identitycheck_create_uid_fkey,SET NULL
res_users_identitycheck,write_uid,res_users,id,res_users_identitycheck_write_uid_fkey,SET NULL
res_users_log,create_uid,res_users,id,res_users_log_create_uid_fkey,SET NULL
res_users_log,write_uid,res_users,id,res_users_log_write_uid_fkey,SET NULL
res_users_settings,create_uid,res_users,id,res_users_settings_create_uid_fkey,SET NULL
res_users_settings,user_id,res_users,id,res_users_settings_user_id_fkey,CASCADE
res_users_settings,write_uid,res_users,id,res_users_settings_write_uid_fkey,SET NULL
res_users_settings_embedded_action,action_id,ir_act_window,id,res_users_settings_embedded_action_action_id_fkey,CASCADE
res_users_settings_embedded_action,create_uid,res_users,id,res_users_settings_embedded_action_create_uid_fkey,SET NULL
res_users_settings_embedded_action,user_setting_id,res_users_settings,id,res_users_settings_embedded_action_user_setting_id_fkey,CASCADE
res_users_settings_embedded_action,write_uid,res_users,id,res_users_settings_embedded_action_write_uid_fkey,SET NULL
res_users_settings_volumes,create_uid,res_users,id,res_users_settings_volumes_create_uid_fkey,SET NULL
res_users_settings_volumes,guest_id,res_partner,id,res_users_settings_volumes_guest_id_fkey,CASCADE
res_users_settings_volumes,partner_id,res_partner,id,res_users_settings_volumes_partner_id_fkey,CASCADE
res_users_settings_volumes,user_setting_id,res_users_settings,id,res_users_settings_volumes_user_setting_id_fkey,CASCADE
res_users_settings_volumes,write_uid,res_users,id,res_users_settings_volumes_write_uid_fkey,SET NULL
res_users_web_tour_tour_rel,res_users_id,res_users,id,res_users_web_tour_tour_rel_res_users_id_fkey,CASCADE
res_users_web_tour_tour_rel,web_tour_tour_id,web_tour_tour,id,res_users_web_tour_tour_rel_web_tour_tour_id_fkey,CASCADE
reset_view_arch_wizard,compare_view_id,ir_ui_view,id,reset_view_arch_wizard_compare_view_id_fkey,SET NULL
reset_view_arch_wizard,create_uid,res_users,id,reset_view_arch_wizard_create_uid_fkey,SET NULL
reset_view_arch_wizard,view_id,ir_ui_view,id,reset_view_arch_wizard_view_id_fkey,SET NULL
reset_view_arch_wizard,write_uid,res_users,id,reset_view_arch_wizard_write_uid_fkey,SET NULL
resource_calendar,company_id,res_company,id,resource_calendar_company_id_fkey,SET NULL
resource_calendar,create_uid,res_users,id,resource_calendar_create_uid_fkey,SET NULL
resource_calendar,write_uid,res_users,id,resource_calendar_write_uid_fkey,SET NULL
resource_calendar_attendance,calendar_id,resource_calendar,id,resource_calendar_attendance_calendar_id_fkey,CASCADE
resource_calendar_attendance,create_uid,res_users,id,resource_calendar_attendance_create_uid_fkey,SET NULL
resource_calendar_attendance,write_uid,res_users,id,resource_calendar_attendance_write_uid_fkey,SET NULL
resource_calendar_leaves,calendar_id,resource_calendar,id,resource_calendar_leaves_calendar_id_fkey,SET NULL
resource_calendar_leaves,company_id,res_company,id,resource_calendar_leaves_company_id_fkey,SET NULL
resource_calendar_leaves,create_uid,res_users,id,resource_calendar_leaves_create_uid_fkey,SET NULL
resource_calendar_leaves,resource_id,resource_resource,id,resource_calendar_leaves_resource_id_fkey,SET NULL
resource_calendar_leaves,write_uid,res_users,id,resource_calendar_leaves_write_uid_fkey,SET NULL
resource_resource,calendar_id,resource_calendar,id,resource_resource_calendar_id_fkey,SET NULL
resource_resource,company_id,res_company,id,resource_resource_company_id_fkey,SET NULL
resource_resource,create_uid,res_users,id,resource_resource_create_uid_fkey,SET NULL
resource_resource,user_id,res_users,id,resource_resource_user_id_fkey,SET NULL
resource_resource,write_uid,res_users,id,resource_resource_write_uid_fkey,SET NULL
rule_group_rel,group_id,res_groups,id,rule_group_rel_group_id_fkey,RESTRICT
rule_group_rel,rule_group_id,ir_rule,id,rule_group_rel_rule_group_id_fkey,CASCADE
scheduled_message_attachment_rel,attachment_id,ir_attachment,id,scheduled_message_attachment_rel_attachment_id_fkey,CASCADE
scheduled_message_attachment_rel,scheduled_message_id,mail_scheduled_message,id,scheduled_message_attachment_rel_scheduled_message_id_fkey,CASCADE
server_action_history_wizard,action_id,ir_act_server,id,server_action_history_wizard_action_id_fkey,SET NULL
server_action_history_wizard,create_uid,res_users,id,server_action_history_wizard_create_uid_fkey,SET NULL
server_action_history_wizard,revision,ir_actions_server_history,id,server_action_history_wizard_revision_fkey,CASCADE
server_action_history_wizard,write_uid,res_users,id,server_action_history_wizard_write_uid_fkey,SET NULL
sms_account_code,account_id,iap_account,id,sms_account_code_account_id_fkey,CASCADE
sms_account_code,create_uid,res_users,id,sms_account_code_create_uid_fkey,SET NULL
sms_account_code,write_uid,res_users,id,sms_account_code_write_uid_fkey,SET NULL
sms_account_phone,account_id,iap_account,id,sms_account_phone_account_id_fkey,CASCADE
sms_account_phone,create_uid,res_users,id,sms_account_phone_create_uid_fkey,SET NULL
sms_account_phone,write_uid,res_users,id,sms_account_phone_write_uid_fkey,SET NULL
sms_account_sender,account_id,iap_account,id,sms_account_sender_account_id_fkey,CASCADE
sms_account_sender,create_uid,res_users,id,sms_account_sender_create_uid_fkey,SET NULL
sms_account_sender,write_uid,res_users,id,sms_account_sender_write_uid_fkey,SET NULL
sms_composer,create_uid,res_users,id,sms_composer_create_uid_fkey,SET NULL
sms_composer,template_id,sms_template,id,sms_composer_template_id_fkey,SET NULL
sms_composer,write_uid,res_users,id,sms_composer_write_uid_fkey,SET NULL
sms_sms,create_uid,res_users,id,sms_sms_create_uid_fkey,SET NULL
sms_sms,mail_message_id,mail_message,id,sms_sms_mail_message_id_fkey,SET NULL
sms_sms,partner_id,res_partner,id,sms_sms_partner_id_fkey,SET NULL
sms_sms,write_uid,res_users,id,sms_sms_write_uid_fkey,SET NULL
sms_template,create_uid,res_users,id,sms_template_create_uid_fkey,SET NULL
sms_template,model_id,ir_model,id,sms_template_model_id_fkey,CASCADE
sms_template,sidebar_action_id,ir_act_window,id,sms_template_sidebar_action_id_fkey,SET NULL
sms_template,write_uid,res_users,id,sms_template_write_uid_fkey,SET NULL
sms_template_preview,create_uid,res_users,id,sms_template_preview_create_uid_fkey,SET NULL
sms_template_preview,sms_template_id,sms_template,id,sms_template_preview_sms_template_id_fkey,CASCADE
sms_template_preview,write_uid,res_users,id,sms_template_preview_write_uid_fkey,SET NULL
sms_template_reset,create_uid,res_users,id,sms_template_reset_create_uid_fkey,SET NULL
sms_template_reset,write_uid,res_users,id,sms_template_reset_write_uid_fkey,SET NULL
sms_template_sms_template_reset_rel,sms_template_id,sms_template,id,sms_template_sms_template_reset_rel_sms_template_id_fkey,CASCADE
sms_template_sms_template_reset_rel,sms_template_reset_id,sms_template_reset,id,sms_template_sms_template_reset_rel_sms_template_reset_id_fkey,CASCADE
sms_tracker,create_uid,res_users,id,sms_tracker_create_uid_fkey,SET NULL
sms_tracker,mail_notification_id,mail_notification,id,sms_tracker_mail_notification_id_fkey,CASCADE
sms_tracker,write_uid,res_users,id,sms_tracker_write_uid_fkey,SET NULL
snailmail_letter,attachment_id,ir_attachment,id,snailmail_letter_attachment_id_fkey,CASCADE
snailmail_letter,company_id,res_company,id,snailmail_letter_company_id_fkey,RESTRICT
snailmail_letter,country_id,res_country,id,snailmail_letter_country_id_fkey,SET NULL
snailmail_letter,create_uid,res_users,id,snailmail_letter_create_uid_fkey,SET NULL
snailmail_letter,message_id,mail_message,id,snailmail_letter_message_id_fkey,SET NULL
snailmail_letter,partner_id,res_partner,id,snailmail_letter_partner_id_fkey,RESTRICT
snailmail_letter,report_template,ir_act_report_xml,id,snailmail_letter_report_template_fkey,SET NULL
snailmail_letter,state_id,res_country_state,id,snailmail_letter_state_id_fkey,SET NULL
snailmail_letter,user_id,res_users,id,snailmail_letter_user_id_fkey,SET NULL
snailmail_letter,write_uid,res_users,id,snailmail_letter_write_uid_fkey,SET NULL
team_favorite_user_rel,team_id,crm_team,id,team_favorite_user_rel_team_id_fkey,CASCADE
team_favorite_user_rel,user_id,res_users,id,team_favorite_user_rel_user_id_fkey,CASCADE
utm_campaign,create_uid,res_users,id,utm_campaign_create_uid_fkey,SET NULL
utm_campaign,stage_id,utm_stage,id,utm_campaign_stage_id_fkey,RESTRICT
utm_campaign,user_id,res_users,id,utm_campaign_user_id_fkey,RESTRICT
utm_campaign,write_uid,res_users,id,utm_campaign_write_uid_fkey,SET NULL
utm_medium,create_uid,res_users,id,utm_medium_create_uid_fkey,SET NULL
utm_medium,write_uid,res_users,id,utm_medium_write_uid_fkey,SET NULL
utm_source,create_uid,res_users,id,utm_source_create_uid_fkey,SET NULL
utm_source,write_uid,res_users,id,utm_source_write_uid_fkey,SET NULL
utm_stage,create_uid,res_users,id,utm_stage_create_uid_fkey,SET NULL
utm_stage,write_uid,res_users,id,utm_stage_write_uid_fkey,SET NULL
utm_tag,create_uid,res_users,id,utm_tag_create_uid_fkey,SET NULL
utm_tag,write_uid,res_users,id,utm_tag_write_uid_fkey,SET NULL
utm_tag_rel,campaign_id,utm_tag,id,utm_tag_rel_campaign_id_fkey,CASCADE
utm_tag_rel,tag_id,utm_campaign,id,utm_tag_rel_tag_id_fkey,CASCADE
web_tour_tour,create_uid,res_users,id,web_tour_tour_create_uid_fkey,SET NULL
web_tour_tour,write_uid,res_users,id,web_tour_tour_write_uid_fkey,SET NULL
web_tour_tour_step,create_uid,res_users,id,web_tour_tour_step_create_uid_fkey,SET NULL
web_tour_tour_step,tour_id,web_tour_tour,id,web_tour_tour_step_tour_id_fkey,CASCADE
web_tour_tour_step,write_uid,res_users,id,web_tour_tour_step_write_uid_fkey,SET NULL
wizard_ir_model_menu_create,create_uid,res_users,id,wizard_ir_model_menu_create_create_uid_fkey,SET NULL
wizard_ir_model_menu_create,menu_id,ir_ui_menu,id,wizard_ir_model_menu_create_menu_id_fkey,CASCADE
wizard_ir_model_menu_create,write_uid,res_users,id,wizard_ir_model_menu_create_write_uid_fkey,SET NULL
